case_id,case_label,level_id,level_label,level_order,engine,variant,step,newton_iterations,linear_iterations,linear_solve_time,linear_preconditioner_time,linear_orthogonalization_time,newton_relres_end,output_dir
hetero_3d,Heterogeneous 3D SSR,L1,L1,0,petsc,delta_lambda,1,3.0,22.0,2.3983634429750964,0.8279884859803133,0.037180777988396585,0.0017293475108558418,artifacts/petsc_matlab_performance_comparison/runs/hetero_3d/L1/main_petsc_delta_lambda
hetero_3d,Heterogeneous 3D SSR,L1,L1,0,petsc,delta_lambda,2,4.0,29.0,3.2948553560418077,1.0809810140635818,0.0913175119785592,0.0004791812640236488,artifacts/petsc_matlab_performance_comparison/runs/hetero_3d/L1/main_petsc_delta_lambda
hetero_3d,Heterogeneous 3D SSR,L1,L1,0,petsc,delta_lambda,3,4.0,27.0,3.091951910115313,1.113568268949166,0.11874426406575367,0.0007044622394361822,artifacts/petsc_matlab_performance_comparison/runs/hetero_3d/L1/main_petsc_delta_lambda
hetero_3d,Heterogeneous 3D SSR,L1,L1,0,petsc,delta_lambda,4,5.0,39.0,4.549262819055002,1.5027054540696554,0.1962941859383136,0.0006925876786852644,artifacts/petsc_matlab_performance_comparison/runs/hetero_3d/L1/main_petsc_delta_lambda
hetero_3d,Heterogeneous 3D SSR,L1,L1,0,petsc,delta_lambda,5,5.0,36.0,4.090593434986658,1.4249930530204438,0.22151298000244424,0.0004667306557542647,artifacts/petsc_matlab_performance_comparison/runs/hetero_3d/L1/main_petsc_delta_lambda
hetero_3d,Heterogeneous 3D SSR,L1,L1,0,petsc,delta_lambda,6,10.0,136.0,15.713083132985048,2.944150987023022,0.7670721709728241,0.0003042275800301751,artifacts/petsc_matlab_performance_comparison/runs/hetero_3d/L1/main_petsc_delta_lambda
hetero_3d,Heterogeneous 3D SSR,L1,L1,0,petsc,delta_lambda,7,9.0,99.0,11.027119888924062,2.413511297025252,0.7543066539219581,0.0008427360054598603,artifacts/petsc_matlab_performance_comparison/runs/hetero_3d/L1/main_petsc_delta_lambda
hetero_3d,Heterogeneous 3D SSR,L1,L1,0,petsc,delta_lambda,8,6.0,52.0,6.150206900027115,1.749958481057547,0.40001181105617434,0.0010243690852642841,artifacts/petsc_matlab_performance_comparison/runs/hetero_3d/L1/main_petsc_delta_lambda
hetero_3d,Heterogeneous 3D SSR,L1,L1,0,petsc,delta_lambda,9,14.0,163.0,18.166024049103726,3.8863833559444174,1.4090321689727716,0.00036322390240867993,artifacts/petsc_matlab_performance_comparison/runs/hetero_3d/L1/main_petsc_delta_lambda
hetero_3d,Heterogeneous 3D SSR,L1,L1,0,petsc,delta_lambda,10,7.0,60.0,6.628226180153433,2.000421419099439,0.515867008944042,0.0013794965002345496,artifacts/petsc_matlab_performance_comparison/runs/hetero_3d/L1/main_petsc_delta_lambda
hetero_3d,Heterogeneous 3D SSR,L1,L1,0,petsc,delta_lambda,11,3.0,17.0,1.88283760700142,0.8098342879675329,0.20176745305070654,0.008232481560959586,artifacts/petsc_matlab_performance_comparison/runs/hetero_3d/L1/main_petsc_delta_lambda
hetero_3d,Heterogeneous 3D SSR,L1,L1,0,petsc,delta_lambda,12,2.0,15.0,1.7007437430438586,0.5281572139938362,0.14747957495274022,0.009037149865827425,artifacts/petsc_matlab_performance_comparison/runs/hetero_3d/L1/main_petsc_delta_lambda
hetero_3d,Heterogeneous 3D SSR,L1,L1,0,matlab,main,1,6.0,28.0,1.7016,2.0543180000000003,0.10528100000000001,1.092136478360616e-05,artifacts/petsc_matlab_performance_comparison/runs/hetero_3d/L1/main_matlab_main
hetero_3d,Heterogeneous 3D SSR,L1,L1,0,matlab,main,2,6.0,29.0,1.7286100000000006,2.0500109999999996,0.114836,2.232572470299332e-05,artifacts/petsc_matlab_performance_comparison/runs/hetero_3d/L1/main_matlab_main
hetero_3d,Heterogeneous 3D SSR,L1,L1,0,matlab,main,3,5.0,24.0,1.4803319999999998,1.6886659999999996,0.09032999999999997,9.618173749347405e-05,artifacts/petsc_matlab_performance_comparison/runs/hetero_3d/L1/main_matlab_main
hetero_3d,Heterogeneous 3D SSR,L1,L1,0,matlab,main,4,9.0,44.0,2.747542,3.384698,0.383888,8.668726116429312e-05,artifacts/petsc_matlab_performance_comparison/runs/hetero_3d/L1/main_matlab_main
hetero_3d,Heterogeneous 3D SSR,L1,L1,0,matlab,main,5,7.0,43.0,2.672155,2.550263000000001,0.24686000000000008,2.1761727388637167e-05,artifacts/petsc_matlab_performance_comparison/runs/hetero_3d/L1/main_matlab_main
hetero_3d,Heterogeneous 3D SSR,L1,L1,0,matlab,main,6,11.0,91.0,5.746929999999997,4.371396000000001,0.7170999999999998,9.281996229194565e-05,artifacts/petsc_matlab_performance_comparison/runs/hetero_3d/L1/main_matlab_main
hetero_3d,Heterogeneous 3D SSR,L1,L1,0,matlab,main,7,14.0,107.0,6.993779,5.897311999999999,1.2185479999999997,2.2225036609855394e-05,artifacts/petsc_matlab_performance_comparison/runs/hetero_3d/L1/main_matlab_main
hetero_3d,Heterogeneous 3D SSR,L1,L1,0,matlab,main,8,11.0,83.0,5.395212000000001,4.554554000000003,0.7727460000000002,4.601365126152171e-05,artifacts/petsc_matlab_performance_comparison/runs/hetero_3d/L1/main_matlab_main
hetero_3d,Heterogeneous 3D SSR,L1,L1,0,matlab,main,9,19.0,167.0,10.845963000000001,8.244506999999999,2.0702260000000003,7.02394521597364e-05,artifacts/petsc_matlab_performance_comparison/runs/hetero_3d/L1/main_matlab_main
hetero_3d,Heterogeneous 3D SSR,L1,L1,0,matlab,main,10,18.0,153.0,10.072718000000002,7.840063999999998,1.8190600000000003,9.831333103870897e-05,artifacts/petsc_matlab_performance_comparison/runs/hetero_3d/L1/main_matlab_main
hetero_3d,Heterogeneous 3D SSR,L1,L1,0,matlab,main,11,19.0,190.0,12.34583,8.212671999999998,2.057898,6.019166885156671e-05,artifacts/petsc_matlab_performance_comparison/runs/hetero_3d/L1/main_matlab_main
hetero_3d,Heterogeneous 3D SSR,L1,L1,0,matlab,main,12,20.0,209.0,13.421067999999998,8.579031999999998,2.077202999999999,9.200468879831891e-05,artifacts/petsc_matlab_performance_comparison/runs/hetero_3d/L1/main_matlab_main
hetero_3d,Heterogeneous 3D SSR,L1,L1,0,petsc,main,1,6.0,35.0,4.053507029952016,1.4680181019939482,0.1250255029881373,3.2773235421898704e-05,artifacts/petsc_matlab_performance_comparison/runs/hetero_3d/L1/main_petsc_main
hetero_3d,Heterogeneous 3D SSR,L1,L1,0,petsc,main,2,6.0,34.0,4.016678717103787,1.5164630599902011,0.15425575303379446,5.39853764734252e-05,artifacts/petsc_matlab_performance_comparison/runs/hetero_3d/L1/main_petsc_main
hetero_3d,Heterogeneous 3D SSR,L1,L1,0,petsc,main,3,7.0,43.0,4.948447450937238,1.7112208709004335,0.2187026249594055,2.374558660071479e-05,artifacts/petsc_matlab_performance_comparison/runs/hetero_3d/L1/main_petsc_main
hetero_3d,Heterogeneous 3D SSR,L1,L1,0,petsc,main,4,8.0,55.0,6.502315186080523,2.125637522956822,0.33568938105599955,9.563588374501678e-05,artifacts/petsc_matlab_performance_comparison/runs/hetero_3d/L1/main_petsc_main
hetero_3d,Heterogeneous 3D SSR,L1,L1,0,petsc,main,5,8.0,64.0,7.2877444319892675,1.9320617419434711,0.41531474998919293,1.7678255198989547e-05,artifacts/petsc_matlab_performance_comparison/runs/hetero_3d/L1/main_petsc_main
hetero_3d,Heterogeneous 3D SSR,L1,L1,0,petsc,main,6,11.0,122.0,13.70212318393169,2.862913761928212,0.7655438388464972,3.245162999400135e-05,artifacts/petsc_matlab_performance_comparison/runs/hetero_3d/L1/main_petsc_main
hetero_3d,Heterogeneous 3D SSR,L1,L1,0,petsc,main,7,13.0,134.0,15.317049856996164,3.3519055949291214,1.1904623680165969,6.748344645252328e-05,artifacts/petsc_matlab_performance_comparison/runs/hetero_3d/L1/main_petsc_main
hetero_3d,Heterogeneous 3D SSR,L1,L1,0,petsc,main,8,16.0,153.0,17.23686226794962,4.202169404132292,1.724257243098691,2.5568235195985327e-05,artifacts/petsc_matlab_performance_comparison/runs/hetero_3d/L1/main_petsc_main
hetero_3d,Heterogeneous 3D SSR,L1,L1,0,petsc,main,9,16.0,190.0,21.864294664177578,4.29298702912638,1.6617919009295292,9.637711492467454e-05,artifacts/petsc_matlab_performance_comparison/runs/hetero_3d/L1/main_petsc_main
hetero_3d,Heterogeneous 3D SSR,L1,L1,0,petsc,main,10,18.0,257.0,29.369992818974424,4.879272444173694,1.9937665759352967,8.99237486917129e-05,artifacts/petsc_matlab_performance_comparison/runs/hetero_3d/L1/main_petsc_main
hetero_3d,Heterogeneous 3D SSR,L1,L1,0,petsc,main,11,18.0,226.0,25.37234982813243,4.572706374980044,2.1603462009807117,7.954506612443051e-05,artifacts/petsc_matlab_performance_comparison/runs/hetero_3d/L1/main_petsc_main
hetero_3d,Heterogeneous 3D SSR,L1,L1,0,petsc,main,12,19.0,249.0,28.17075460217893,4.793752920930274,2.226646334049292,9.505761090161518e-05,artifacts/petsc_matlab_performance_comparison/runs/hetero_3d/L1/main_petsc_main
hetero_3d,Heterogeneous 3D SSR,L2,L2,1,petsc,delta_lambda,1,3.0,21.0,3.013025936030317,1.0711279609822668,0.08711836999282241,0.0021845269109410288,artifacts/petsc_matlab_performance_comparison/runs/hetero_3d/L2/main_petsc_delta_lambda
hetero_3d,Heterogeneous 3D SSR,L2,L2,1,petsc,delta_lambda,2,4.0,27.0,3.9127196699846536,1.438250340986997,0.19204600394004956,0.000591621933137502,artifacts/petsc_matlab_performance_comparison/runs/hetero_3d/L2/main_petsc_delta_lambda
hetero_3d,Heterogeneous 3D SSR,L2,L2,1,petsc,delta_lambda,3,5.0,33.0,4.6105158549617045,1.7076810200233012,0.34876370505662635,0.00042193783024211285,artifacts/petsc_matlab_performance_comparison/runs/hetero_3d/L2/main_petsc_delta_lambda
hetero_3d,Heterogeneous 3D SSR,L2,L2,1,petsc,delta_lambda,4,4.0,30.0,4.195024447049946,1.4315259430441074,0.28284743695985526,0.0008821643117300701,artifacts/petsc_matlab_performance_comparison/runs/hetero_3d/L2/main_petsc_delta_lambda
hetero_3d,Heterogeneous 3D SSR,L2,L2,1,petsc,delta_lambda,5,5.0,37.0,5.356191023020074,1.8468301020911895,0.48596361005911604,0.0010225330219210626,artifacts/petsc_matlab_performance_comparison/runs/hetero_3d/L2/main_petsc_delta_lambda
hetero_3d,Heterogeneous 3D SSR,L2,L2,1,petsc,delta_lambda,6,13.0,162.0,22.850977926224004,4.694492661743425,2.7967784049687907,0.0005523964644138643,artifacts/petsc_matlab_performance_comparison/runs/hetero_3d/L2/main_petsc_delta_lambda
hetero_3d,Heterogeneous 3D SSR,L2,L2,1,petsc,delta_lambda,7,10.0,107.0,15.011405256751459,3.5599816069588996,1.8481570159783587,0.0008566140102128818,artifacts/petsc_matlab_performance_comparison/runs/hetero_3d/L2/main_petsc_delta_lambda
hetero_3d,Heterogeneous 3D SSR,L2,L2,1,petsc,delta_lambda,8,8.0,62.0,8.718939141952433,2.775565669988282,1.3387096119695343,0.0018201005362401344,artifacts/petsc_matlab_performance_comparison/runs/hetero_3d/L2/main_petsc_delta_lambda
hetero_3d,Heterogeneous 3D SSR,L2,L2,1,petsc,delta_lambda,9,5.0,32.0,4.516118006024044,1.7321922739502043,0.7639854869921692,0.0027881844041575555,artifacts/petsc_matlab_performance_comparison/runs/hetero_3d/L2/main_petsc_delta_lambda
hetero_3d,Heterogeneous 3D SSR,L2,L2,1,petsc,delta_lambda,10,3.0,19.0,2.6376154588651843,1.0453840749687515,0.42092336097266525,0.007139362215458267,artifacts/petsc_matlab_performance_comparison/runs/hetero_3d/L2/main_petsc_delta_lambda
hetero_3d,Heterogeneous 3D SSR,L2,L2,1,petsc,delta_lambda,11,7.0,46.0,6.501340597867966,2.4445779789821245,1.2971460581175052,0.00649661317118306,artifacts/petsc_matlab_performance_comparison/runs/hetero_3d/L2/main_petsc_delta_lambda
hetero_3d,Heterogeneous 3D SSR,L2,L2,1,petsc,delta_lambda,12,3.0,12.0,1.743330277968198,1.0427872081054375,0.49993083806475624,0.017545199712379035,artifacts/petsc_matlab_performance_comparison/runs/hetero_3d/L2/main_petsc_delta_lambda
hetero_3d,Heterogeneous 3D SSR,L2,L2,1,matlab,main,1,6.0,30.0,3.661512,4.084357000000001,0.19168200000000002,1.6813991667918443e-05,artifacts/petsc_matlab_performance_comparison/runs/hetero_3d/L2/main_matlab_main
hetero_3d,Heterogeneous 3D SSR,L2,L2,1,matlab,main,2,6.0,29.0,3.492495,4.003060999999999,0.22718399999999994,4.506004002558246e-05,artifacts/petsc_matlab_performance_comparison/runs/hetero_3d/L2/main_matlab_main
hetero_3d,Heterogeneous 3D SSR,L2,L2,1,matlab,main,3,7.0,40.0,4.8042989999999985,4.805732000000003,0.382352,6.570032622496945e-05,artifacts/petsc_matlab_performance_comparison/runs/hetero_3d/L2/main_matlab_main
hetero_3d,Heterogeneous 3D SSR,L2,L2,1,matlab,main,4,9.0,53.0,6.405856,6.4171879999999994,0.7035150000000001,2.5057423948402785e-05,artifacts/petsc_matlab_performance_comparison/runs/hetero_3d/L2/main_matlab_main
hetero_3d,Heterogeneous 3D SSR,L2,L2,1,matlab,main,5,10.0,75.0,9.231891999999998,7.338258,1.015294,3.725028971013568e-05,artifacts/petsc_matlab_performance_comparison/runs/hetero_3d/L2/main_matlab_main
hetero_3d,Heterogeneous 3D SSR,L2,L2,1,matlab,main,6,14.0,141.0,17.68467,11.079873,2.368265,4.717935446866619e-05,artifacts/petsc_matlab_performance_comparison/runs/hetero_3d/L2/main_matlab_main
hetero_3d,Heterogeneous 3D SSR,L2,L2,1,matlab,main,7,19.0,192.0,24.709510000000016,15.674510000000005,3.9874739999999997,4.264147217595379e-05,artifacts/petsc_matlab_performance_comparison/runs/hetero_3d/L2/main_matlab_main
hetero_3d,Heterogeneous 3D SSR,L2,L2,1,matlab,main,8,14.0,120.0,15.573741999999996,11.469746999999998,2.547416,2.4797432702436083e-05,artifacts/petsc_matlab_performance_comparison/runs/hetero_3d/L2/main_matlab_main
hetero_3d,Heterogeneous 3D SSR,L2,L2,1,matlab,main,9,17.0,120.0,15.725363999999999,14.099287000000004,3.153962999999999,8.475756550703771e-05,artifacts/petsc_matlab_performance_comparison/runs/hetero_3d/L2/main_matlab_main
hetero_3d,Heterogeneous 3D SSR,L2,L2,1,matlab,main,10,15.0,156.0,20.265997,12.308518000000007,2.6137110000000003,9.271018236529406e-05,artifacts/petsc_matlab_performance_comparison/runs/hetero_3d/L2/main_matlab_main
hetero_3d,Heterogeneous 3D SSR,L2,L2,1,matlab,main,11,21.0,220.0,28.25944899999999,17.44996499999999,4.478805000000001,9.335298019771554e-05,artifacts/petsc_matlab_performance_comparison/runs/hetero_3d/L2/main_matlab_main
hetero_3d,Heterogeneous 3D SSR,L2,L2,1,matlab,main,12,17.0,142.0,18.227183999999994,13.885429999999985,3.580660999999999,8.813547653917553e-05,artifacts/petsc_matlab_performance_comparison/runs/hetero_3d/L2/main_matlab_main
hetero_3d,Heterogeneous 3D SSR,L2,L2,1,petsc,main,1,6.0,32.0,4.476659298001323,1.7396505909855478,0.25425310590071604,2.8691612240180598e-05,artifacts/petsc_matlab_performance_comparison/runs/hetero_3d/L2/main_petsc_main
hetero_3d,Heterogeneous 3D SSR,L2,L2,1,petsc,main,2,6.0,34.0,4.804760160041042,1.766315953922458,0.2997892390121706,6.243537959396368e-05,artifacts/petsc_matlab_performance_comparison/runs/hetero_3d/L2/main_petsc_main
hetero_3d,Heterogeneous 3D SSR,L2,L2,1,petsc,main,3,7.0,44.0,6.371528061048593,2.222658771032002,0.5273903950001113,5.7243347169173035e-05,artifacts/petsc_matlab_performance_comparison/runs/hetero_3d/L2/main_petsc_main
hetero_3d,Heterogeneous 3D SSR,L2,L2,1,petsc,main,4,10.0,68.0,9.862955163989682,3.1657282839296386,1.1267498299712315,2.7486007664273883e-05,artifacts/petsc_matlab_performance_comparison/runs/hetero_3d/L2/main_petsc_main
hetero_3d,Heterogeneous 3D SSR,L2,L2,1,petsc,main,5,9.0,76.0,10.77162921091076,2.8763030460686423,1.0336486760061234,9.74907987345698e-05,artifacts/petsc_matlab_performance_comparison/runs/hetero_3d/L2/main_petsc_main
hetero_3d,Heterogeneous 3D SSR,L2,L2,1,petsc,main,6,16.0,187.0,26.633226035977714,5.268347836099565,3.5864982439088635,3.092082686913537e-05,artifacts/petsc_matlab_performance_comparison/runs/hetero_3d/L2/main_petsc_main
hetero_3d,Heterogeneous 3D SSR,L2,L2,1,petsc,main,7,16.0,153.0,21.898216666013468,5.407580117986072,3.9215572810498998,7.753278963740707e-05,artifacts/petsc_matlab_performance_comparison/runs/hetero_3d/L2/main_petsc_main
hetero_3d,Heterogeneous 3D SSR,L2,L2,1,petsc,main,8,15.0,151.0,21.31789960595779,5.0056915950845,3.4807131749694236,8.263664797741284e-05,artifacts/petsc_matlab_performance_comparison/runs/hetero_3d/L2/main_petsc_main
hetero_3d,Heterogeneous 3D SSR,L2,L2,1,petsc,main,9,16.0,165.0,23.43323749100091,5.587965043028817,3.6636657109484076,4.433619896283228e-05,artifacts/petsc_matlab_performance_comparison/runs/hetero_3d/L2/main_petsc_main
hetero_3d,Heterogeneous 3D SSR,L2,L2,1,petsc,main,10,16.0,169.0,24.517185537843034,5.633439869910944,3.3677974629681557,6.548705424337199e-05,artifacts/petsc_matlab_performance_comparison/runs/hetero_3d/L2/main_petsc_main
hetero_3d,Heterogeneous 3D SSR,L2,L2,1,petsc,main,11,19.0,170.0,24.08971320593264,6.564152147097047,5.10829144588206,7.453993627394447e-05,artifacts/petsc_matlab_performance_comparison/runs/hetero_3d/L2/main_petsc_main
hetero_3d,Heterogeneous 3D SSR,L2,L2,1,petsc,main,12,21.0,207.0,29.614953335840255,7.327326195081696,6.286045600019861,9.581870019087883e-05,artifacts/petsc_matlab_performance_comparison/runs/hetero_3d/L2/main_petsc_main
hetero_3d,Heterogeneous 3D SSR,L3,L3,2,petsc,delta_lambda,1,4.0,28.0,5.301640658988617,1.8373794000362977,0.30233714502537623,0.0009436376436901727,artifacts/petsc_matlab_performance_comparison/runs/hetero_3d/L3/main_petsc_delta_lambda
hetero_3d,Heterogeneous 3D SSR,L3,L3,2,petsc,delta_lambda,2,4.0,25.0,4.738597220974043,1.7850274490192533,0.3825737119768746,0.0011061264805057322,artifacts/petsc_matlab_performance_comparison/runs/hetero_3d/L3/main_petsc_delta_lambda
hetero_3d,Heterogeneous 3D SSR,L3,L3,2,petsc,delta_lambda,3,4.0,25.0,4.772934376203921,1.7739918970037252,0.485515195003245,0.001066880274594671,artifacts/petsc_matlab_performance_comparison/runs/hetero_3d/L3/main_petsc_delta_lambda
hetero_3d,Heterogeneous 3D SSR,L3,L3,2,petsc,delta_lambda,4,4.0,32.0,6.13748966390267,1.8911698050796986,0.5599451970192604,0.0008236710007321223,artifacts/petsc_matlab_performance_comparison/runs/hetero_3d/L3/main_petsc_delta_lambda
hetero_3d,Heterogeneous 3D SSR,L3,L3,2,petsc,delta_lambda,5,5.0,42.0,7.9382789669325575,2.342637548048515,0.9693447509780526,0.0009036874150089911,artifacts/petsc_matlab_performance_comparison/runs/hetero_3d/L3/main_petsc_delta_lambda
hetero_3d,Heterogeneous 3D SSR,L3,L3,2,petsc,delta_lambda,6,12.0,172.0,31.834110371069983,5.371798085980117,4.850236109050456,0.00042984052026389654,artifacts/petsc_matlab_performance_comparison/runs/hetero_3d/L3/main_petsc_delta_lambda
hetero_3d,Heterogeneous 3D SSR,L3,L3,2,petsc,delta_lambda,7,14.0,165.0,30.89672421506839,6.24832767090993,6.831130831153132,0.00024653894950965106,artifacts/petsc_matlab_performance_comparison/runs/hetero_3d/L3/main_petsc_delta_lambda
hetero_3d,Heterogeneous 3D SSR,L3,L3,2,petsc,delta_lambda,8,7.0,58.0,11.122633484890684,3.0566052531357855,2.2377879591076635,0.001728505575696297,artifacts/petsc_matlab_performance_comparison/runs/hetero_3d/L3/main_petsc_delta_lambda
hetero_3d,Heterogeneous 3D SSR,L3,L3,2,petsc,delta_lambda,9,8.0,58.0,10.989110880997032,3.5176835150341503,2.9864785640966147,0.003509520391324016,artifacts/petsc_matlab_performance_comparison/runs/hetero_3d/L3/main_petsc_delta_lambda
hetero_3d,Heterogeneous 3D SSR,L3,L3,2,petsc,delta_lambda,10,3.0,16.0,3.0276147009572014,1.3303844059701078,0.8167641990003176,0.00907607617259928,artifacts/petsc_matlab_performance_comparison/runs/hetero_3d/L3/main_petsc_delta_lambda
hetero_3d,Heterogeneous 3D SSR,L3,L3,2,petsc,delta_lambda,11,3.0,17.0,3.2236484470195137,1.3290294939652085,0.9235389860114083,0.022927506703769536,artifacts/petsc_matlab_performance_comparison/runs/hetero_3d/L3/main_petsc_delta_lambda
hetero_3d,Heterogeneous 3D SSR,L3,L3,2,petsc,delta_lambda,12,2.0,11.0,2.132734061044175,0.8754788299556822,0.6479727890109643,0.04379075602649427,artifacts/petsc_matlab_performance_comparison/runs/hetero_3d/L3/main_petsc_delta_lambda
hetero_3d,Heterogeneous 3D SSR,L3,L3,2,matlab,main,1,6.0,31.0,7.394238999999999,7.801938,0.38875400000000004,3.884243686322479e-05,artifacts/petsc_matlab_performance_comparison/runs/hetero_3d/L3/main_matlab_main
hetero_3d,Heterogeneous 3D SSR,L3,L3,2,matlab,main,2,6.0,31.0,7.46996,7.789210000000001,0.475028,9.375675896954402e-05,artifacts/petsc_matlab_performance_comparison/runs/hetero_3d/L3/main_matlab_main
hetero_3d,Heterogeneous 3D SSR,L3,L3,2,matlab,main,3,7.0,39.0,9.451024999999998,9.444946999999999,0.7898559999999999,5.7925079117294285e-05,artifacts/petsc_matlab_performance_comparison/runs/hetero_3d/L3/main_matlab_main
hetero_3d,Heterogeneous 3D SSR,L3,L3,2,matlab,main,4,10.0,63.0,15.406849999999999,14.325097,1.8151100000000002,2.651716202515682e-05,artifacts/petsc_matlab_performance_comparison/runs/hetero_3d/L3/main_matlab_main
hetero_3d,Heterogeneous 3D SSR,L3,L3,2,matlab,main,5,10.0,77.0,19.06761699999999,14.571033,2.1735190000000006,8.462489169056155e-05,artifacts/petsc_matlab_performance_comparison/runs/hetero_3d/L3/main_matlab_main
hetero_3d,Heterogeneous 3D SSR,L3,L3,2,matlab,main,6,16.0,210.0,52.835845000000006,24.923564,6.022,3.6018495392638484e-05,artifacts/petsc_matlab_performance_comparison/runs/hetero_3d/L3/main_matlab_main
hetero_3d,Heterogeneous 3D SSR,L3,L3,2,matlab,main,7,19.0,207.0,53.14868100000001,30.895048000000017,9.194857999999998,9.152698126795467e-05,artifacts/petsc_matlab_performance_comparison/runs/hetero_3d/L3/main_matlab_main
hetero_3d,Heterogeneous 3D SSR,L3,L3,2,matlab,main,8,19.0,122.0,31.809647000000012,31.126575000000003,8.445943,6.205719622992957e-05,artifacts/petsc_matlab_performance_comparison/runs/hetero_3d/L3/main_matlab_main
hetero_3d,Heterogeneous 3D SSR,L3,L3,2,matlab,main,9,20.0,165.0,43.04196799999997,33.01626299999998,8.594746,7.042617235387516e-05,artifacts/petsc_matlab_performance_comparison/runs/hetero_3d/L3/main_matlab_main
hetero_3d,Heterogeneous 3D SSR,L3,L3,2,matlab,main,10,25.0,225.0,58.20004499999999,41.73154099999999,10.525084,9.082185134585715e-05,artifacts/petsc_matlab_performance_comparison/runs/hetero_3d/L3/main_matlab_main
hetero_3d,Heterogeneous 3D SSR,L3,L3,2,matlab,main,11,24.0,161.0,41.858840999999984,39.70529800000003,12.344936999999994,9.78105483788888e-05,artifacts/petsc_matlab_performance_comparison/runs/hetero_3d/L3/main_matlab_main
hetero_3d,Heterogeneous 3D SSR,L3,L3,2,matlab,main,12,21.0,185.0,47.81507199999999,34.40392700000001,10.242137,9.35168889544222e-05,artifacts/petsc_matlab_performance_comparison/runs/hetero_3d/L3/main_matlab_main
hetero_3d,Heterogeneous 3D SSR,L3,L3,2,petsc,main,1,6.0,32.0,6.085243639070541,2.2195133240893483,0.5137008589808829,8.109752724594544e-05,artifacts/petsc_matlab_performance_comparison/runs/hetero_3d/L3/main_petsc_main
hetero_3d,Heterogeneous 3D SSR,L3,L3,2,petsc,main,2,7.0,42.0,7.961026578908786,2.669723584956955,0.8505567390238866,2.278382897356217e-05,artifacts/petsc_matlab_performance_comparison/runs/hetero_3d/L3/main_petsc_main
hetero_3d,Heterogeneous 3D SSR,L3,L3,2,petsc,main,3,6.0,35.0,6.64666413993109,2.1745840880903415,0.7149881909135729,9.039764969592825e-05,artifacts/petsc_matlab_performance_comparison/runs/hetero_3d/L3/main_petsc_main
hetero_3d,Heterogeneous 3D SSR,L3,L3,2,petsc,main,4,9.0,64.0,12.396729380008765,3.7889296469511464,1.9151876869727857,9.562846051581515e-05,artifacts/petsc_matlab_performance_comparison/runs/hetero_3d/L3/main_petsc_main
hetero_3d,Heterogeneous 3D SSR,L3,L3,2,petsc,main,5,10.0,85.0,16.043044245045166,4.087311639916152,2.6683581689721905,8.395625608329225e-05,artifacts/petsc_matlab_performance_comparison/runs/hetero_3d/L3/main_petsc_main
hetero_3d,Heterogeneous 3D SSR,L3,L3,2,petsc,main,6,18.0,229.0,42.56668406678364,7.611535814066883,9.383314965991303,7.643469827727328e-05,artifacts/petsc_matlab_performance_comparison/runs/hetero_3d/L3/main_petsc_main
hetero_3d,Heterogeneous 3D SSR,L3,L3,2,petsc,main,7,22.0,207.0,39.373302343068644,9.37599655194208,15.073318923125044,9.245182534311297e-05,artifacts/petsc_matlab_performance_comparison/runs/hetero_3d/L3/main_petsc_main
hetero_3d,Heterogeneous 3D SSR,L3,L3,2,petsc,main,8,16.0,163.0,31.18376017123228,7.013921883015428,6.751807601947803,6.910524372383484e-05,artifacts/petsc_matlab_performance_comparison/runs/hetero_3d/L3/main_petsc_main
hetero_3d,Heterogeneous 3D SSR,L3,L3,2,petsc,main,9,21.0,209.0,39.48277851921739,9.07439461100148,11.581240388040897,3.657061810730116e-05,artifacts/petsc_matlab_performance_comparison/runs/hetero_3d/L3/main_petsc_main
hetero_3d,Heterogeneous 3D SSR,L3,L3,2,petsc,main,10,24.0,198.0,37.55124128278112,10.576250854996033,14.838133862125687,8.03528017903829e-05,artifacts/petsc_matlab_performance_comparison/runs/hetero_3d/L3/main_petsc_main
hetero_3d,Heterogeneous 3D SSR,L3,L3,2,petsc,main,11,28.0,252.0,47.89717549999477,12.15287615917623,18.86822295404272,2.9985544981167492e-05,artifacts/petsc_matlab_performance_comparison/runs/hetero_3d/L3/main_petsc_main
hetero_3d,Heterogeneous 3D SSR,L3,L3,2,petsc,main,12,24.0,259.0,48.49573704903014,10.264434851997066,14.734110833960585,3.871880242073712e-05,artifacts/petsc_matlab_performance_comparison/runs/hetero_3d/L3/main_petsc_main
hetero_3d,Heterogeneous 3D SSR,L4,L4,3,petsc,delta_lambda,1,4.0,31.0,8.603859647002537,2.5164382889634,0.6282256090198644,0.001118920894743573,artifacts/petsc_matlab_performance_comparison/runs/hetero_3d/L4/main_petsc_delta_lambda
hetero_3d,Heterogeneous 3D SSR,L4,L4,3,petsc,delta_lambda,2,4.0,29.0,8.250227689975873,2.5946538419811986,0.7620716499513946,0.001175890757935881,artifacts/petsc_matlab_performance_comparison/runs/hetero_3d/L4/main_petsc_delta_lambda
hetero_3d,Heterogeneous 3D SSR,L4,L4,3,petsc,delta_lambda,3,4.0,28.0,8.165708141110372,2.762802537996322,0.95136204600567,0.0011732897057412032,artifacts/petsc_matlab_performance_comparison/runs/hetero_3d/L4/main_petsc_delta_lambda
hetero_3d,Heterogeneous 3D SSR,L4,L4,3,petsc,delta_lambda,4,4.0,36.0,10.17421156790806,2.6108809539000504,1.1221685839700513,0.000783600301394581,artifacts/petsc_matlab_performance_comparison/runs/hetero_3d/L4/main_petsc_delta_lambda
hetero_3d,Heterogeneous 3D SSR,L4,L4,3,petsc,delta_lambda,5,5.0,46.0,12.845291416044347,3.0070494499523193,2.0060542990104295,0.0009089375535934232,artifacts/petsc_matlab_performance_comparison/runs/hetero_3d/L4/main_petsc_delta_lambda
hetero_3d,Heterogeneous 3D SSR,L4,L4,3,petsc,delta_lambda,6,13.0,194.0,54.46128471416887,8.073197715857532,9.94971470197197,0.000986761709722527,artifacts/petsc_matlab_performance_comparison/runs/hetero_3d/L4/main_petsc_delta_lambda
hetero_3d,Heterogeneous 3D SSR,L4,L4,3,petsc,delta_lambda,7,10.0,93.0,26.222385327040683,6.139894454914611,5.940028161916416,0.005620863269546821,artifacts/petsc_matlab_performance_comparison/runs/hetero_3d/L4/main_petsc_delta_lambda
hetero_3d,Heterogeneous 3D SSR,L4,L4,3,petsc,delta_lambda,8,11.0,89.0,25.490023996972013,6.703211021027528,8.864445106941275,0.004219162067726328,artifacts/petsc_matlab_performance_comparison/runs/hetero_3d/L4/main_petsc_delta_lambda
hetero_3d,Heterogeneous 3D SSR,L4,L4,3,petsc,delta_lambda,9,12.0,95.0,27.048080798238516,7.378319053037558,9.843729766085744,0.004640487953019872,artifacts/petsc_matlab_performance_comparison/runs/hetero_3d/L4/main_petsc_delta_lambda
hetero_3d,Heterogeneous 3D SSR,L4,L4,3,petsc,delta_lambda,10,2.0,8.0,2.3684306779759936,1.2307124280487187,1.0530370849301107,0.11353112044799692,artifacts/petsc_matlab_performance_comparison/runs/hetero_3d/L4/main_petsc_delta_lambda
hetero_3d,Heterogeneous 3D SSR,L4,L4,3,petsc,delta_lambda,11,18.0,137.0,39.40090488392161,11.149582767102402,20.981739030976314,0.004294762812133605,artifacts/petsc_matlab_performance_comparison/runs/hetero_3d/L4/main_petsc_delta_lambda
hetero_3d,Heterogeneous 3D SSR,L4,L4,3,matlab,main,1,6.0,34.0,15.795941,15.528681999999996,0.7789519999999999,8.316688051984002e-05,artifacts/petsc_matlab_performance_comparison/runs/hetero_3d/L4/main_matlab_main
hetero_3d,Heterogeneous 3D SSR,L4,L4,3,matlab,main,2,7.0,41.0,19.318715999999995,18.773163999999994,1.3865430000000005,2.3486336059931197e-05,artifacts/petsc_matlab_performance_comparison/runs/hetero_3d/L4/main_matlab_main
hetero_3d,Heterogeneous 3D SSR,L4,L4,3,matlab,main,3,7.0,41.0,19.10605199999999,18.68504,1.5832189999999997,4.375585133393989e-05,artifacts/petsc_matlab_performance_comparison/runs/hetero_3d/L4/main_matlab_main
hetero_3d,Heterogeneous 3D SSR,L4,L4,3,matlab,main,4,8.0,59.0,27.735912,22.165645999999995,2.409301000000001,7.797435139091164e-05,artifacts/petsc_matlab_performance_comparison/runs/hetero_3d/L4/main_matlab_main
hetero_3d,Heterogeneous 3D SSR,L4,L4,3,matlab,main,5,11.0,88.0,41.821978999999985,32.266097,5.313195,6.360067451940684e-05,artifacts/petsc_matlab_performance_comparison/runs/hetero_3d/L4/main_matlab_main
hetero_3d,Heterogeneous 3D SSR,L4,L4,3,matlab,main,6,20.0,196.0,96.06587200000007,63.75493900000001,20.132226000000003,6.269865278411634e-05,artifacts/petsc_matlab_performance_comparison/runs/hetero_3d/L4/main_matlab_main
hetero_3d,Heterogeneous 3D SSR,L4,L4,3,matlab,main,7,36.0,328.0,164.39943399999999,119.740588,62.496975000000006,5.4241700615696485e-05,artifacts/petsc_matlab_performance_comparison/runs/hetero_3d/L4/main_matlab_main
hetero_3d,Heterogeneous 3D SSR,L4,L4,3,matlab,main,8,30.0,232.0,116.81322700000004,100.35130599999997,32.92557900000001,7.580524409289706e-05,artifacts/petsc_matlab_performance_comparison/runs/hetero_3d/L4/main_matlab_main
hetero_3d,Heterogeneous 3D SSR,L4,L4,3,matlab,main,9,33.0,274.0,137.800747,110.51138200000003,34.96625800000001,8.674100596939898e-05,artifacts/petsc_matlab_performance_comparison/runs/hetero_3d/L4/main_matlab_main
hetero_3d,Heterogeneous 3D SSR,L4,L4,3,matlab,main,10,46.0,369.0,186.22835899999995,154.56962999999996,76.795245,2.9642364353757047e-05,artifacts/petsc_matlab_performance_comparison/runs/hetero_3d/L4/main_matlab_main
hetero_3d,Heterogeneous 3D SSR,L4,L4,3,matlab,main,11,40.0,309.0,155.30021299999999,133.37365899999998,58.096149999999994,8.378200097786019e-05,artifacts/petsc_matlab_performance_comparison/runs/hetero_3d/L4/main_matlab_main
hetero_3d,Heterogeneous 3D SSR,L4,L4,3,petsc,main,1,7.0,42.0,11.744493633974344,3.678232906968333,1.471737261977978,4.645749767526577e-05,artifacts/petsc_matlab_performance_comparison/runs/hetero_3d/L4/main_petsc_main
hetero_3d,Heterogeneous 3D SSR,L4,L4,3,petsc,main,2,7.0,46.0,12.943935356102884,3.6440178700140677,1.7233992781257257,3.622450883615878e-05,artifacts/petsc_matlab_performance_comparison/runs/hetero_3d/L4/main_petsc_main
hetero_3d,Heterogeneous 3D SSR,L4,L4,3,petsc,main,3,7.0,46.0,13.067207712854724,3.7087282999418676,2.0082324379472993,4.892796804869519e-05,artifacts/petsc_matlab_performance_comparison/runs/hetero_3d/L4/main_petsc_main
hetero_3d,Heterogeneous 3D SSR,L4,L4,3,petsc,main,4,9.0,75.0,21.131729419052135,4.986065849021543,3.9552014459623024,7.602162136881049e-05,artifacts/petsc_matlab_performance_comparison/runs/hetero_3d/L4/main_petsc_main
hetero_3d,Heterogeneous 3D SSR,L4,L4,3,petsc,main,5,12.0,114.0,32.00344219105318,6.938761546043679,7.491368279908784,3.418859440796001e-05,artifacts/petsc_matlab_performance_comparison/runs/hetero_3d/L4/main_petsc_main
hetero_3d,Heterogeneous 3D SSR,L4,L4,3,petsc,main,6,21.0,241.0,67.37129213486332,12.39903566200519,22.8321871937369,7.196894166704274e-05,artifacts/petsc_matlab_performance_comparison/runs/hetero_3d/L4/main_petsc_main
hetero_3d,Heterogeneous 3D SSR,L4,L4,3,petsc,main,7,29.0,290.0,83.28553843294503,17.421986711095087,42.4999593909597,9.663986163460602e-05,artifacts/petsc_matlab_performance_comparison/runs/hetero_3d/L4/main_petsc_main
hetero_3d,Heterogeneous 3D SSR,L4,L4,3,petsc,main,8,36.0,334.0,96.1288369158865,21.290196934947744,59.93265706091188,4.783290231080342e-05,artifacts/petsc_matlab_performance_comparison/runs/hetero_3d/L4/main_petsc_main
hetero_3d,Heterogeneous 3D SSR,L4,L4,3,petsc,main,9,39.0,336.0,95.89432535890955,23.61588281393051,67.66522852017079,4.393718981789666e-05,artifacts/petsc_matlab_performance_comparison/runs/hetero_3d/L4/main_petsc_main
hetero_3d,Heterogeneous 3D SSR,L4,L4,3,petsc,main,10,41.0,382.0,108.5814567161724,24.66860860219458,71.58304458489874,7.223164533778918e-05,artifacts/petsc_matlab_performance_comparison/runs/hetero_3d/L4/main_petsc_main
hetero_3d,Heterogeneous 3D SSR,L4,L4,3,petsc,main,11,39.0,399.0,113.70377688005101,23.51267038891092,60.35911464993842,9.284083971059054e-05,artifacts/petsc_matlab_performance_comparison/runs/hetero_3d/L4/main_petsc_main
homo_3d,Homogeneous 3D SSR,L1,L1,0,matlab,main,1,6.0,37.0,1.9593509999999998,1.8626619999999994,0.09357500000000002,3.9114070937417987e-05,artifacts/petsc_matlab_performance_comparison/runs/homo_3d/L1/main_matlab_main
homo_3d,Homogeneous 3D SSR,L1,L1,0,matlab,main,2,6.0,30.0,1.6142780000000005,1.9062149999999995,0.10558800000000002,2.6452513075716238e-05,artifacts/petsc_matlab_performance_comparison/runs/homo_3d/L1/main_matlab_main
homo_3d,Homogeneous 3D SSR,L1,L1,0,matlab,main,3,6.0,35.0,1.880908999999999,1.9234159999999996,0.12204499999999996,4.8000350542654665e-05,artifacts/petsc_matlab_performance_comparison/runs/homo_3d/L1/main_matlab_main
homo_3d,Homogeneous 3D SSR,L1,L1,0,matlab,main,4,13.0,112.0,6.079397999999998,4.646123000000001,0.7696779999999999,2.9168597281418852e-05,artifacts/petsc_matlab_performance_comparison/runs/homo_3d/L1/main_matlab_main
homo_3d,Homogeneous 3D SSR,L1,L1,0,matlab,main,5,8.0,62.0,3.332250000000002,2.7963780000000007,0.29662600000000006,4.822022787731561e-05,artifacts/petsc_matlab_performance_comparison/runs/homo_3d/L1/main_matlab_main
homo_3d,Homogeneous 3D SSR,L1,L1,0,matlab,main,6,9.0,76.0,4.2231200000000015,3.1889639999999986,0.35999300000000023,5.41024917712258e-05,artifacts/petsc_matlab_performance_comparison/runs/homo_3d/L1/main_matlab_main
homo_3d,Homogeneous 3D SSR,L1,L1,0,matlab,main,7,11.0,92.0,5.242712999999998,4.032330999999999,0.5322110000000002,2.696649249633733e-05,artifacts/petsc_matlab_performance_comparison/runs/homo_3d/L1/main_matlab_main
homo_3d,Homogeneous 3D SSR,L1,L1,0,matlab,main,8,16.0,138.0,7.726893999999998,6.102682999999999,1.156844,2.3096757740715375e-05,artifacts/petsc_matlab_performance_comparison/runs/homo_3d/L1/main_matlab_main
homo_3d,Homogeneous 3D SSR,L1,L1,0,matlab,main,9,19.0,135.0,7.558660000000003,7.230018999999999,1.5235119999999998,4.016450223115545e-05,artifacts/petsc_matlab_performance_comparison/runs/homo_3d/L1/main_matlab_main
homo_3d,Homogeneous 3D SSR,L1,L1,0,matlab,main,10,26.0,328.0,18.163734000000005,9.902482999999997,2.7946290000000005,9.916036320915845e-05,artifacts/petsc_matlab_performance_comparison/runs/homo_3d/L1/main_matlab_main
homo_3d,Homogeneous 3D SSR,L1,L1,0,petsc,main,1,7.0,52.0,5.890553752076812,1.8958121570176445,0.13928725599544123,3.999461203133737e-05,artifacts/petsc_matlab_performance_comparison/runs/homo_3d/L1/main_petsc_main
homo_3d,Homogeneous 3D SSR,L1,L1,0,petsc,main,2,6.0,34.0,3.735422645113431,1.3492577280267142,0.11696229904191568,6.225146927973959e-05,artifacts/petsc_matlab_performance_comparison/runs/homo_3d/L1/main_petsc_main
homo_3d,Homogeneous 3D SSR,L1,L1,0,petsc,main,3,7.0,48.0,5.531249124149326,1.6774510409450158,0.1944394190213643,3.316091928877008e-05,artifacts/petsc_matlab_performance_comparison/runs/homo_3d/L1/main_petsc_main
homo_3d,Homogeneous 3D SSR,L1,L1,0,petsc,main,4,12.0,145.0,16.675288691942114,3.0977667400729842,0.583838302991353,2.551392125916829e-05,artifacts/petsc_matlab_performance_comparison/runs/homo_3d/L1/main_petsc_main
homo_3d,Homogeneous 3D SSR,L1,L1,0,petsc,main,5,13.0,107.0,11.944144867942668,3.221057646907866,0.823835872055497,3.505883688422926e-05,artifacts/petsc_matlab_performance_comparison/runs/homo_3d/L1/main_petsc_main
homo_3d,Homogeneous 3D SSR,L1,L1,0,petsc,main,6,8.0,91.0,10.202765781024937,1.87640716182068,0.3477892779628746,5.059191857827986e-05,artifacts/petsc_matlab_performance_comparison/runs/homo_3d/L1/main_petsc_main
homo_3d,Homogeneous 3D SSR,L1,L1,0,petsc,main,7,13.0,140.0,15.727785386843607,3.3409243980422616,0.7650812870124355,9.647648740615763e-05,artifacts/petsc_matlab_performance_comparison/runs/homo_3d/L1/main_petsc_main
homo_3d,Homogeneous 3D SSR,L1,L1,0,petsc,main,8,17.0,151.0,17.06847218918847,4.357481274113525,1.297821321990341,6.286923759091718e-05,artifacts/petsc_matlab_performance_comparison/runs/homo_3d/L1/main_petsc_main
homo_3d,Homogeneous 3D SSR,L1,L1,0,petsc,main,9,20.0,200.0,22.25955554418033,5.103556912043132,1.770493965886999,6.259148789941443e-05,artifacts/petsc_matlab_performance_comparison/runs/homo_3d/L1/main_petsc_main
homo_3d,Homogeneous 3D SSR,L1,L1,0,petsc,main,10,25.0,253.0,28.5156322150724,6.5225441009388305,2.7598748701857403,9.733285630581554e-05,artifacts/petsc_matlab_performance_comparison/runs/homo_3d/L1/main_petsc_main
homo_3d,Homogeneous 3D SSR,L2,L2,1,matlab,main,1,6.0,38.0,4.432624000000001,3.9825120000000016,0.18449199999999988,7.626935690875624e-05,artifacts/petsc_matlab_performance_comparison/runs/homo_3d/L2/main_matlab_main
homo_3d,Homogeneous 3D SSR,L2,L2,1,matlab,main,2,7.0,39.0,4.594873,4.777995999999998,0.33339799999999986,1.232908933287227e-05,artifacts/petsc_matlab_performance_comparison/runs/homo_3d/L2/main_matlab_main
homo_3d,Homogeneous 3D SSR,L2,L2,1,matlab,main,3,8.0,67.0,7.966424999999997,5.657765000000001,0.49304900000000007,3.061924986625926e-05,artifacts/petsc_matlab_performance_comparison/runs/homo_3d/L2/main_matlab_main
homo_3d,Homogeneous 3D SSR,L2,L2,1,matlab,main,4,9.0,85.0,10.276607000000006,6.599321999999997,0.7519230000000001,3.0469047098134453e-05,artifacts/petsc_matlab_performance_comparison/runs/homo_3d/L2/main_matlab_main
homo_3d,Homogeneous 3D SSR,L2,L2,1,matlab,main,5,11.0,74.0,9.106701999999999,8.391849999999998,1.117276,7.461450852572977e-05,artifacts/petsc_matlab_performance_comparison/runs/homo_3d/L2/main_matlab_main
homo_3d,Homogeneous 3D SSR,L2,L2,1,matlab,main,6,14.0,92.0,11.330968999999996,11.021132000000001,1.676342,6.446757461704388e-05,artifacts/petsc_matlab_performance_comparison/runs/homo_3d/L2/main_matlab_main
homo_3d,Homogeneous 3D SSR,L2,L2,1,matlab,main,7,16.0,147.0,18.100051000000008,12.613336000000004,2.013458,4.9945862408995864e-05,artifacts/petsc_matlab_performance_comparison/runs/homo_3d/L2/main_matlab_main
homo_3d,Homogeneous 3D SSR,L2,L2,1,matlab,main,8,31.0,334.0,41.446803,25.43061499999999,7.104678000000002,9.535503089989523e-05,artifacts/petsc_matlab_performance_comparison/runs/homo_3d/L2/main_matlab_main
homo_3d,Homogeneous 3D SSR,L2,L2,1,matlab,main,9,24.0,234.0,29.13485899999999,19.379908999999998,5.449641,7.46669718419569e-05,artifacts/petsc_matlab_performance_comparison/runs/homo_3d/L2/main_matlab_main
homo_3d,Homogeneous 3D SSR,L2,L2,1,matlab,main,10,34.0,367.0,45.25789,27.401516999999984,10.365470000000002,7.481545156954758e-05,artifacts/petsc_matlab_performance_comparison/runs/homo_3d/L2/main_matlab_main
homo_3d,Homogeneous 3D SSR,L2,L2,1,petsc,main,1,7.0,54.0,7.469278019969352,2.212301103048958,0.3547537410049699,7.789952519788695e-05,artifacts/petsc_matlab_performance_comparison/runs/homo_3d/L2/main_petsc_main
homo_3d,Homogeneous 3D SSR,L2,L2,1,petsc,main,2,7.0,48.0,6.434630366973579,2.0875346360262483,0.37913469504565,1.759410519329825e-05,artifacts/petsc_matlab_performance_comparison/runs/homo_3d/L2/main_petsc_main
homo_3d,Homogeneous 3D SSR,L2,L2,1,petsc,main,3,9.0,86.0,11.627449833904393,2.693251474003773,0.7764408049406484,5.4597245127493254e-05,artifacts/petsc_matlab_performance_comparison/runs/homo_3d/L2/main_petsc_main
homo_3d,Homogeneous 3D SSR,L2,L2,1,petsc,main,4,9.0,108.0,14.545415101922117,2.692418323014863,0.9031081480788998,4.475022992516145e-05,artifacts/petsc_matlab_performance_comparison/runs/homo_3d/L2/main_petsc_main
homo_3d,Homogeneous 3D SSR,L2,L2,1,petsc,main,5,10.0,80.0,10.88622308819322,3.0472740400000475,1.1493327759671956,9.297342671366683e-05,artifacts/petsc_matlab_performance_comparison/runs/homo_3d/L2/main_petsc_main
homo_3d,Homogeneous 3D SSR,L2,L2,1,petsc,main,6,10.0,98.0,13.192761517013423,3.2022698670625687,1.210916709038429,7.84563470489891e-05,artifacts/petsc_matlab_performance_comparison/runs/homo_3d/L2/main_petsc_main
homo_3d,Homogeneous 3D SSR,L2,L2,1,petsc,main,7,16.0,160.0,21.529682032123674,5.0751633839681745,2.2773034287965856,6.426249848012644e-05,artifacts/petsc_matlab_performance_comparison/runs/homo_3d/L2/main_petsc_main
homo_3d,Homogeneous 3D SSR,L2,L2,1,petsc,main,8,24.0,316.0,42.38095610018354,7.772657757042907,4.9844143590307795,9.98546588905929e-05,artifacts/petsc_matlab_performance_comparison/runs/homo_3d/L2/main_petsc_main
homo_3d,Homogeneous 3D SSR,L2,L2,1,petsc,main,9,22.0,173.0,23.377688855864108,7.124029724102002,5.333264550950844,7.028343361899636e-05,artifacts/petsc_matlab_performance_comparison/runs/homo_3d/L2/main_petsc_main
homo_3d,Homogeneous 3D SSR,L2,L2,1,petsc,main,10,24.0,230.0,31.323729615833145,7.87894394423347,6.369485843111761,6.494987402367305e-05,artifacts/petsc_matlab_performance_comparison/runs/homo_3d/L2/main_petsc_main
homo_3d,Homogeneous 3D SSR,L3,L3,2,matlab,main,1,7.0,49.0,12.249761,9.871843999999996,0.5576469999999998,3.682398407017946e-05,artifacts/petsc_matlab_performance_comparison/runs/homo_3d/L3/main_matlab_main
homo_3d,Homogeneous 3D SSR,L3,L3,2,matlab,main,2,9.0,53.0,13.288102000000002,13.284981000000002,1.1070479999999998,8.555176071491579e-05,artifacts/petsc_matlab_performance_comparison/runs/homo_3d/L3/main_matlab_main
homo_3d,Homogeneous 3D SSR,L3,L3,2,matlab,main,3,8.0,74.0,18.578032,11.629476999999994,1.0831990000000005,8.486002445908722e-05,artifacts/petsc_matlab_performance_comparison/runs/homo_3d/L3/main_matlab_main
homo_3d,Homogeneous 3D SSR,L3,L3,2,matlab,main,4,11.0,94.0,24.117350000000002,17.100345000000004,2.2660600000000004,5.1542729772643556e-05,artifacts/petsc_matlab_performance_comparison/runs/homo_3d/L3/main_matlab_main
homo_3d,Homogeneous 3D SSR,L3,L3,2,matlab,main,5,14.0,104.0,27.014983,22.664618000000004,3.410552,2.5532874823276763e-05,artifacts/petsc_matlab_performance_comparison/runs/homo_3d/L3/main_matlab_main
homo_3d,Homogeneous 3D SSR,L3,L3,2,matlab,main,6,14.0,91.0,23.89931700000001,22.880445999999992,3.7624580000000005,8.455655231235107e-05,artifacts/petsc_matlab_performance_comparison/runs/homo_3d/L3/main_matlab_main
homo_3d,Homogeneous 3D SSR,L3,L3,2,matlab,main,7,16.0,149.0,39.177603000000005,26.473420000000004,5.402130999999999,5.029295407921226e-05,artifacts/petsc_matlab_performance_comparison/runs/homo_3d/L3/main_matlab_main
homo_3d,Homogeneous 3D SSR,L3,L3,2,matlab,main,8,19.0,210.0,55.432075999999995,31.825609999999983,7.005146,9.32025772728161e-05,artifacts/petsc_matlab_performance_comparison/runs/homo_3d/L3/main_matlab_main
homo_3d,Homogeneous 3D SSR,L3,L3,2,matlab,main,9,24.0,245.0,63.884432000000004,40.015094000000005,10.380253,9.05116713301287e-05,artifacts/petsc_matlab_performance_comparison/runs/homo_3d/L3/main_matlab_main
homo_3d,Homogeneous 3D SSR,L3,L3,2,matlab,main,10,33.0,349.0,90.94430899999998,55.504583999999994,21.801162999999995,4.20525616362029e-05,artifacts/petsc_matlab_performance_comparison/runs/homo_3d/L3/main_matlab_main
homo_3d,Homogeneous 3D SSR,L3,L3,2,petsc,main,1,8.0,69.0,12.904446041968185,3.247589660983067,0.9946679040440358,3.361311563447752e-05,artifacts/petsc_matlab_performance_comparison/runs/homo_3d/L3/main_petsc_main
homo_3d,Homogeneous 3D SSR,L3,L3,2,petsc,main,2,7.0,54.0,10.025455401977524,2.5386434899410233,0.8672870679874904,3.58521873722807e-05,artifacts/petsc_matlab_performance_comparison/runs/homo_3d/L3/main_petsc_main
homo_3d,Homogeneous 3D SSR,L3,L3,2,petsc,main,3,8.0,96.0,17.698532098031137,3.2215571780106984,1.3831698279827833,7.16236036488487e-05,artifacts/petsc_matlab_performance_comparison/runs/homo_3d/L3/main_petsc_main
homo_3d,Homogeneous 3D SSR,L3,L3,2,petsc,main,4,9.0,106.0,19.767588994989637,3.5156793370260857,1.918072382104583,9.383905161466199e-05,artifacts/petsc_matlab_performance_comparison/runs/homo_3d/L3/main_petsc_main
homo_3d,Homogeneous 3D SSR,L3,L3,2,petsc,main,5,13.0,115.0,21.564044515253045,5.415838494023774,4.003511262068059,6.766629205460595e-05,artifacts/petsc_matlab_performance_comparison/runs/homo_3d/L3/main_petsc_main
homo_3d,Homogeneous 3D SSR,L3,L3,2,petsc,main,6,17.0,145.0,26.933708151918836,7.048809421830811,5.948543939040974,7.73219463546992e-05,artifacts/petsc_matlab_performance_comparison/runs/homo_3d/L3/main_petsc_main
homo_3d,Homogeneous 3D SSR,L3,L3,2,petsc,main,7,18.0,179.0,33.0097299850313,7.423834752989933,6.601633129117545,4.0532370422939695e-05,artifacts/petsc_matlab_performance_comparison/runs/homo_3d/L3/main_petsc_main
homo_3d,Homogeneous 3D SSR,L3,L3,2,petsc,main,8,22.0,222.0,41.0577669289778,9.45234110293677,9.40238713187864,7.311465634525614e-05,artifacts/petsc_matlab_performance_comparison/runs/homo_3d/L3/main_petsc_main
homo_3d,Homogeneous 3D SSR,L3,L3,2,petsc,main,9,35.0,411.0,76.93144740106072,14.926753407111391,20.62118519289652,9.417860663956527e-05,artifacts/petsc_matlab_performance_comparison/runs/homo_3d/L3/main_petsc_main
homo_3d,Homogeneous 3D SSR,L3,L3,2,petsc,main,10,26.0,272.0,51.10489392117597,10.78975408419501,15.7197128990083,5.639411927579012e-05,artifacts/petsc_matlab_performance_comparison/runs/homo_3d/L3/main_petsc_main
homo_3d,Homogeneous 3D SSR,L4,L4,3,matlab,main,1,7.0,48.0,23.999995999999996,20.588876999999997,1.196502999999999,7.693069280975599e-05,artifacts/petsc_matlab_performance_comparison/runs/homo_3d/L4/main_matlab_main
homo_3d,Homogeneous 3D SSR,L4,L4,3,matlab,main,2,10.0,61.0,30.500535,30.652353000000005,2.9644639999999995,7.880340618628241e-05,artifacts/petsc_matlab_performance_comparison/runs/homo_3d/L4/main_matlab_main
homo_3d,Homogeneous 3D SSR,L4,L4,3,matlab,main,3,9.0,99.0,50.16587399999999,28.12598700000001,2.912813,3.8021080786315565e-05,artifacts/petsc_matlab_performance_comparison/runs/homo_3d/L4/main_matlab_main
homo_3d,Homogeneous 3D SSR,L4,L4,3,matlab,main,4,19.0,146.0,76.081728,64.78845299999998,12.375737,9.760425020713234e-05,artifacts/petsc_matlab_performance_comparison/runs/homo_3d/L4/main_matlab_main
homo_3d,Homogeneous 3D SSR,L4,L4,3,matlab,main,5,17.0,134.0,70.04985199999999,58.162912000000006,11.902735,7.050784449624155e-05,artifacts/petsc_matlab_performance_comparison/runs/homo_3d/L4/main_matlab_main
homo_3d,Homogeneous 3D SSR,L4,L4,3,matlab,main,6,18.0,160.0,84.17868499999997,62.329702,11.496299999999998,6.533883836553565e-05,artifacts/petsc_matlab_performance_comparison/runs/homo_3d/L4/main_matlab_main
homo_3d,Homogeneous 3D SSR,L4,L4,3,matlab,main,7,21.0,176.0,92.55747200000002,73.24890899999997,17.198757999999998,8.870382113228059e-05,artifacts/petsc_matlab_performance_comparison/runs/homo_3d/L4/main_matlab_main
homo_3d,Homogeneous 3D SSR,L4,L4,3,matlab,main,8,28.0,296.0,155.491066,98.61881800000003,25.505896000000007,9.994459292534961e-05,artifacts/petsc_matlab_performance_comparison/runs/homo_3d/L4/main_matlab_main
homo_3d,Homogeneous 3D SSR,L4,L4,3,matlab,main,9,24.0,233.0,122.22960899999998,83.67657300000008,22.889151,8.415041900631803e-05,artifacts/petsc_matlab_performance_comparison/runs/homo_3d/L4/main_matlab_main
homo_3d,Homogeneous 3D SSR,L4,L4,3,matlab,main,10,35.0,412.0,214.628016,122.47461599999997,43.959457999999984,5.5499390682386485e-05,artifacts/petsc_matlab_performance_comparison/runs/homo_3d/L4/main_matlab_main
homo_3d,Homogeneous 3D SSR,L4,L4,3,petsc,main,1,9.0,85.0,24.74582815996837,5.3360222990158945,2.7473703428986482,2.3550993279822006e-05,artifacts/petsc_matlab_performance_comparison/runs/homo_3d/L4/main_petsc_main
homo_3d,Homogeneous 3D SSR,L4,L4,3,petsc,main,2,8.0,70.0,20.049357426934876,4.448457714985125,2.3128753060591407,8.294420477570056e-05,artifacts/petsc_matlab_performance_comparison/runs/homo_3d/L4/main_petsc_main
homo_3d,Homogeneous 3D SSR,L4,L4,3,petsc,main,3,10.0,129.0,36.71364951884607,5.6693537860992365,4.446640752023086,3.2581286740627646e-05,artifacts/petsc_matlab_performance_comparison/runs/homo_3d/L4/main_petsc_main
homo_3d,Homogeneous 3D SSR,L4,L4,3,petsc,main,4,14.0,146.0,42.259435281099286,8.355685651884414,9.452149894845206,7.606338097869674e-05,artifacts/petsc_matlab_performance_comparison/runs/homo_3d/L4/main_petsc_main
homo_3d,Homogeneous 3D SSR,L4,L4,3,petsc,main,5,13.0,126.0,36.38002271903679,7.758908856892958,9.059956312004942,7.421708888567754e-05,artifacts/petsc_matlab_performance_comparison/runs/homo_3d/L4/main_petsc_main
homo_3d,Homogeneous 3D SSR,L4,L4,3,petsc,main,6,17.0,133.0,38.52667410305003,9.763561141968239,12.805266405979637,8.99150581900846e-05,artifacts/petsc_matlab_performance_comparison/runs/homo_3d/L4/main_petsc_main
homo_3d,Homogeneous 3D SSR,L4,L4,3,petsc,main,7,22.0,266.0,77.24560515215853,13.220951253024396,18.12146802188363,9.162429734412578e-05,artifacts/petsc_matlab_performance_comparison/runs/homo_3d/L4/main_petsc_main
homo_3d,Homogeneous 3D SSR,L4,L4,3,petsc,main,8,24.0,297.0,86.46680240880232,14.495498878182843,23.02968151291134,4.242511797083747e-05,artifacts/petsc_matlab_performance_comparison/runs/homo_3d/L4/main_petsc_main
homo_3d,Homogeneous 3D SSR,L4,L4,3,petsc,main,9,26.0,291.0,84.69527746905806,15.508662029111292,28.343410767032765,8.8039458597498e-05,artifacts/petsc_matlab_performance_comparison/runs/homo_3d/L4/main_petsc_main
homo_3d,Homogeneous 3D SSR,L4,L4,3,petsc,main,10,50.0,925.0,275.38205128879054,31.536324676009826,74.01130077120615,0.00010064692883286342,artifacts/petsc_matlab_performance_comparison/runs/homo_3d/L4/main_petsc_main
seepage_3d,Heterogeneous 3D Seepage SSR,comsol_transition,COMSOL transition,0,matlab,main,1,4.0,11.0,1.9858030000000007,3.354683999999999,0.09661399999999998,2.2655200008948083e-05,artifacts/benchmarks/mpi8/run_3D_hetero_seepage_SSR_comsol_capture/matlab
seepage_3d,Heterogeneous 3D Seepage SSR,comsol_transition,COMSOL transition,0,matlab,main,2,4.0,11.0,2.026363,3.442036999999999,0.131073,6.9994265016065e-05,artifacts/benchmarks/mpi8/run_3D_hetero_seepage_SSR_comsol_capture/matlab
seepage_3d,Heterogeneous 3D Seepage SSR,comsol_transition,COMSOL transition,0,matlab,main,3,4.0,8.0,1.487729999999999,3.396298999999999,0.15404299999999993,2.959615570605829e-05,artifacts/benchmarks/mpi8/run_3D_hetero_seepage_SSR_comsol_capture/matlab
seepage_3d,Heterogeneous 3D Seepage SSR,comsol_transition,COMSOL transition,0,matlab,main,4,4.0,8.0,1.5905719999999999,3.406002000000001,0.20299699999999998,6.507091297760545e-05,artifacts/benchmarks/mpi8/run_3D_hetero_seepage_SSR_comsol_capture/matlab
seepage_3d,Heterogeneous 3D Seepage SSR,comsol_transition,COMSOL transition,0,matlab,main,5,4.0,9.0,1.673375,3.4579570000000004,0.22858800000000012,3.8992171035882955e-05,artifacts/benchmarks/mpi8/run_3D_hetero_seepage_SSR_comsol_capture/matlab
seepage_3d,Heterogeneous 3D Seepage SSR,comsol_transition,COMSOL transition,0,matlab,main,6,5.0,14.0,2.5130060000000007,4.484725000000001,0.38583500000000015,8.67215334746266e-06,artifacts/benchmarks/mpi8/run_3D_hetero_seepage_SSR_comsol_capture/matlab
seepage_3d,Heterogeneous 3D Seepage SSR,comsol_transition,COMSOL transition,0,matlab,main,7,4.0,10.0,1.8024360000000001,3.3716729999999977,0.316071,4.669714996917196e-05,artifacts/benchmarks/mpi8/run_3D_hetero_seepage_SSR_comsol_capture/matlab
seepage_3d,Heterogeneous 3D Seepage SSR,comsol_transition,COMSOL transition,0,matlab,main,8,4.0,11.0,2.0133519999999994,3.385480000000001,0.3636520000000001,8.236455839936223e-05,artifacts/benchmarks/mpi8/run_3D_hetero_seepage_SSR_comsol_capture/matlab
seepage_3d,Heterogeneous 3D Seepage SSR,comsol_transition,COMSOL transition,0,matlab,main,9,4.0,12.0,2.207809000000001,3.410150999999999,0.393062,4.7664985128074496e-05,artifacts/benchmarks/mpi8/run_3D_hetero_seepage_SSR_comsol_capture/matlab
seepage_3d,Heterogeneous 3D Seepage SSR,comsol_transition,COMSOL transition,0,matlab,main,10,5.0,19.0,3.4031699999999994,4.582158999999997,0.6802509999999997,2.3384423505631587e-05,artifacts/benchmarks/mpi8/run_3D_hetero_seepage_SSR_comsol_capture/matlab
seepage_3d,Heterogeneous 3D Seepage SSR,comsol_transition,COMSOL transition,0,matlab,main,11,5.0,19.0,3.458742000000001,4.522728999999998,0.7568900000000003,1.1530172913581075e-05,artifacts/benchmarks/mpi8/run_3D_hetero_seepage_SSR_comsol_capture/matlab
seepage_3d,Heterogeneous 3D Seepage SSR,comsol_transition,COMSOL transition,0,matlab,main,12,5.0,21.0,3.8158129999999986,4.550766000000003,0.8093079999999997,2.5346417312359163e-05,artifacts/benchmarks/mpi8/run_3D_hetero_seepage_SSR_comsol_capture/matlab
seepage_3d,Heterogeneous 3D Seepage SSR,comsol_transition,COMSOL transition,0,matlab,main,13,5.0,22.0,4.015117000000004,4.569563000000002,0.8960999999999997,1.2207649022183602e-05,artifacts/benchmarks/mpi8/run_3D_hetero_seepage_SSR_comsol_capture/matlab
seepage_3d,Heterogeneous 3D Seepage SSR,comsol_transition,COMSOL transition,0,matlab,main,14,5.0,27.0,4.941173999999997,4.585927999999996,0.9912039999999998,3.414785610999884e-05,artifacts/benchmarks/mpi8/run_3D_hetero_seepage_SSR_comsol_capture/matlab
seepage_3d,Heterogeneous 3D Seepage SSR,comsol_transition,COMSOL transition,0,matlab,main,15,6.0,45.0,8.33954,5.804269000000005,1.5038200000000002,1.2018791826465518e-05,artifacts/benchmarks/mpi8/run_3D_hetero_seepage_SSR_comsol_capture/matlab
seepage_3d,Heterogeneous 3D Seepage SSR,comsol_transition,COMSOL transition,0,matlab,main,16,7.0,46.0,8.533909000000001,7.023071000000002,1.9550870000000007,2.4213546053666886e-05,artifacts/benchmarks/mpi8/run_3D_hetero_seepage_SSR_comsol_capture/matlab
seepage_3d,Heterogeneous 3D Seepage SSR,comsol_transition,COMSOL transition,0,matlab,main,17,7.0,51.0,9.498102000000003,7.069029999999998,2.1449029999999993,4.599773453955436e-05,artifacts/benchmarks/mpi8/run_3D_hetero_seepage_SSR_comsol_capture/matlab
seepage_3d,Heterogeneous 3D Seepage SSR,comsol_transition,COMSOL transition,0,matlab,main,18,6.0,42.0,7.833617000000004,5.9357749999999925,1.7784110000000002,5.7862631480348504e-05,artifacts/benchmarks/mpi8/run_3D_hetero_seepage_SSR_comsol_capture/matlab
seepage_3d,Heterogeneous 3D Seepage SSR,comsol_transition,COMSOL transition,0,matlab,main,19,5.0,37.0,7.052851000000004,4.729457999999994,1.4006159999999994,9.829061513780552e-05,artifacts/benchmarks/mpi8/run_3D_hetero_seepage_SSR_comsol_capture/matlab
seepage_3d,Heterogeneous 3D Seepage SSR,comsol_transition,COMSOL transition,0,matlab,main,20,8.0,64.0,12.193736999999999,8.400900000000007,3.1185779999999994,2.3781300620173328e-05,artifacts/benchmarks/mpi8/run_3D_hetero_seepage_SSR_comsol_capture/matlab
seepage_3d,Heterogeneous 3D Seepage SSR,comsol_transition,COMSOL transition,0,matlab,main,21,5.0,29.0,5.446293999999995,4.786045000000001,1.5747210000000003,6.829333596950442e-05,artifacts/benchmarks/mpi8/run_3D_hetero_seepage_SSR_comsol_capture/matlab
seepage_3d,Heterogeneous 3D Seepage SSR,comsol_transition,COMSOL transition,0,matlab,main,22,10.0,88.0,16.635662999999994,10.796762999999999,4.510209,9.9474414209046e-05,artifacts/benchmarks/mpi8/run_3D_hetero_seepage_SSR_comsol_capture/matlab
seepage_3d,Heterogeneous 3D Seepage SSR,comsol_transition,COMSOL transition,0,matlab,main,23,9.0,65.0,12.396659999999997,9.627310999999992,4.182275999999998,4.6660199906130065e-05,artifacts/benchmarks/mpi8/run_3D_hetero_seepage_SSR_comsol_capture/matlab
seepage_3d,Heterogeneous 3D Seepage SSR,comsol_transition,COMSOL transition,0,matlab,main,24,13.0,115.0,21.828339,14.47513699999999,7.501083000000001,2.199878884236568e-05,artifacts/benchmarks/mpi8/run_3D_hetero_seepage_SSR_comsol_capture/matlab
seepage_3d,Heterogeneous 3D Seepage SSR,comsol_transition,COMSOL transition,0,matlab,main,25,19.0,201.0,38.20419799999999,21.75727599999999,12.594774999999998,2.3431080350049873e-05,artifacts/benchmarks/mpi8/run_3D_hetero_seepage_SSR_comsol_capture/matlab
seepage_3d,Heterogeneous 3D Seepage SSR,comsol_transition,COMSOL transition,0,matlab,main,26,13.0,151.0,28.75232600000001,14.717806999999993,8.382494000000001,9.378972544802523e-05,artifacts/benchmarks/mpi8/run_3D_hetero_seepage_SSR_comsol_capture/matlab
seepage_3d,Heterogeneous 3D Seepage SSR,comsol_transition,COMSOL transition,0,matlab,main,27,21.0,206.0,39.56748099999999,24.26424799999998,16.445251,3.9221503248643546e-05,artifacts/benchmarks/mpi8/run_3D_hetero_seepage_SSR_comsol_capture/matlab
seepage_3d,Heterogeneous 3D Seepage SSR,comsol_transition,COMSOL transition,0,matlab,main,28,22.0,165.0,31.679412999999983,25.38105200000001,18.956874999999997,6.518070407802678e-05,artifacts/benchmarks/mpi8/run_3D_hetero_seepage_SSR_comsol_capture/matlab
seepage_3d,Heterogeneous 3D Seepage SSR,comsol_transition,COMSOL transition,0,matlab,main,29,47.0,374.0,71.92578500000002,56.05700299999998,53.09390500000001,nan,artifacts/benchmarks/mpi8/run_3D_hetero_seepage_SSR_comsol_capture/matlab
seepage_3d,Heterogeneous 3D Seepage SSR,comsol_transition,COMSOL transition,0,matlab,main,30,29.0,243.0,46.356516,33.413174000000026,28.774562000000003,6.20866145695924e-05,artifacts/benchmarks/mpi8/run_3D_hetero_seepage_SSR_comsol_capture/matlab
seepage_3d,Heterogeneous 3D Seepage SSR,comsol_transition,COMSOL transition,0,matlab,main,31,32.0,279.0,53.182946000000015,36.82071400000001,35.135638,9.481415834154348e-05,artifacts/benchmarks/mpi8/run_3D_hetero_seepage_SSR_comsol_capture/matlab
seepage_3d,Heterogeneous 3D Seepage SSR,comsol_transition,COMSOL transition,0,matlab,main,32,43.0,378.0,72.21980000000002,49.490003,56.723232000000024,9.616317454350833e-05,artifacts/benchmarks/mpi8/run_3D_hetero_seepage_SSR_comsol_capture/matlab
seepage_3d,Heterogeneous 3D Seepage SSR,comsol_transition,COMSOL transition,0,petsc,main,1,4.0,16.0,1.884335194947198,1.4555224031209946,0.12807987397536635,4.59673189814799e-05,artifacts/benchmarks/mpi8/run_3D_hetero_seepage_SSR_comsol_capture/petsc
seepage_3d,Heterogeneous 3D Seepage SSR,comsol_transition,COMSOL transition,0,petsc,main,2,4.0,15.0,1.867747446289286,1.4862804780714214,0.1723003680817783,6.727264666019862e-05,artifacts/benchmarks/mpi8/run_3D_hetero_seepage_SSR_comsol_capture/petsc
seepage_3d,Heterogeneous 3D Seepage SSR,comsol_transition,COMSOL transition,0,petsc,main,3,4.0,12.0,1.4111137590371072,1.4871879511047155,0.19557604426518083,3.113215901075844e-05,artifacts/benchmarks/mpi8/run_3D_hetero_seepage_SSR_comsol_capture/petsc
seepage_3d,Heterogeneous 3D Seepage SSR,comsol_transition,COMSOL transition,0,petsc,main,4,4.0,13.0,1.502214226173237,1.4576017502695322,0.23215610184706748,7.706527943522429e-05,artifacts/benchmarks/mpi8/run_3D_hetero_seepage_SSR_comsol_capture/petsc
seepage_3d,Heterogeneous 3D Seepage SSR,comsol_transition,COMSOL transition,0,petsc,main,5,4.0,13.0,1.5418178816325963,1.4467004369944334,0.31408213288523257,4.453721022062977e-05,artifacts/benchmarks/mpi8/run_3D_hetero_seepage_SSR_comsol_capture/petsc
seepage_3d,Heterogeneous 3D Seepage SSR,comsol_transition,COMSOL transition,0,petsc,main,6,5.0,21.0,2.4072828381322324,1.5677859773859382,0.558699481189251,9.170150336271464e-06,artifacts/benchmarks/mpi8/run_3D_hetero_seepage_SSR_comsol_capture/petsc
seepage_3d,Heterogeneous 3D Seepage SSR,comsol_transition,COMSOL transition,0,petsc,main,7,4.0,14.0,1.6289962998125702,1.4346948121674359,0.42563432455062866,5.398152269178955e-05,artifacts/benchmarks/mpi8/run_3D_hetero_seepage_SSR_comsol_capture/petsc
seepage_3d,Heterogeneous 3D Seepage SSR,comsol_transition,COMSOL transition,0,petsc,main,8,4.0,15.0,1.7363126552663743,1.4843277661129832,0.4729025480337441,8.737356404191213e-05,artifacts/benchmarks/mpi8/run_3D_hetero_seepage_SSR_comsol_capture/petsc
seepage_3d,Heterogeneous 3D Seepage SSR,comsol_transition,COMSOL transition,0,petsc,main,9,4.0,15.0,1.7317191620822996,1.4459642220754176,0.5394166219048202,5.640393977859378e-05,artifacts/benchmarks/mpi8/run_3D_hetero_seepage_SSR_comsol_capture/petsc
seepage_3d,Heterogeneous 3D Seepage SSR,comsol_transition,COMSOL transition,0,petsc,main,10,5.0,28.0,3.222311739111319,1.553188449004665,0.8740717119071633,2.147440336684508e-05,artifacts/benchmarks/mpi8/run_3D_hetero_seepage_SSR_comsol_capture/petsc
seepage_3d,Heterogeneous 3D Seepage SSR,comsol_transition,COMSOL transition,0,petsc,main,11,5.0,27.0,3.1945751779712737,1.5653965326491743,0.9625310676638037,1.3122913716875833e-05,artifacts/benchmarks/mpi8/run_3D_hetero_seepage_SSR_comsol_capture/petsc
seepage_3d,Heterogeneous 3D Seepage SSR,comsol_transition,COMSOL transition,0,petsc,main,12,5.0,29.0,3.33988417731598,1.5464647049084306,1.0124849881976843,3.433684382910878e-05,artifacts/benchmarks/mpi8/run_3D_hetero_seepage_SSR_comsol_capture/petsc
seepage_3d,Heterogeneous 3D Seepage SSR,comsol_transition,COMSOL transition,0,petsc,main,13,5.0,31.0,3.559562142007053,1.5544700529426336,1.1068247489165515,1.583370331926104e-05,artifacts/benchmarks/mpi8/run_3D_hetero_seepage_SSR_comsol_capture/petsc
seepage_3d,Heterogeneous 3D Seepage SSR,comsol_transition,COMSOL transition,0,petsc,main,14,5.0,54.0,6.055430571781471,1.5428036460652947,1.1804543777834624,3.07392173884765e-05,artifacts/benchmarks/mpi8/run_3D_hetero_seepage_SSR_comsol_capture/petsc
seepage_3d,Heterogeneous 3D Seepage SSR,comsol_transition,COMSOL transition,0,petsc,main,15,5.0,80.0,9.029870228143409,1.5518949208781123,1.2396268658339977,8.93042446128323e-05,artifacts/benchmarks/mpi8/run_3D_hetero_seepage_SSR_comsol_capture/petsc
seepage_3d,Heterogeneous 3D Seepage SSR,comsol_transition,COMSOL transition,0,petsc,main,16,7.0,103.0,11.734502598177642,1.8232846651226282,2.2014418018516153,5.041884825798353e-05,artifacts/benchmarks/mpi8/run_3D_hetero_seepage_SSR_comsol_capture/petsc
seepage_3d,Heterogeneous 3D Seepage SSR,comsol_transition,COMSOL transition,0,petsc,main,17,6.0,86.0,10.092958097811788,1.7107772398740053,1.9523821310140193,2.1448029036034413e-05,artifacts/benchmarks/mpi8/run_3D_hetero_seepage_SSR_comsol_capture/petsc
seepage_3d,Heterogeneous 3D Seepage SSR,comsol_transition,COMSOL transition,0,petsc,main,18,7.0,78.0,9.043268765555695,1.8176892711780965,2.4500726324040443,9.366422194456727e-05,artifacts/benchmarks/mpi8/run_3D_hetero_seepage_SSR_comsol_capture/petsc
seepage_3d,Heterogeneous 3D Seepage SSR,comsol_transition,COMSOL transition,0,petsc,main,19,4.0,29.0,3.4510480230674148,1.450782208237797,1.135581342736259,9.20903320306411e-05,artifacts/benchmarks/mpi8/run_3D_hetero_seepage_SSR_comsol_capture/petsc
seepage_3d,Heterogeneous 3D Seepage SSR,comsol_transition,COMSOL transition,0,petsc,main,20,7.0,107.0,12.61118051968515,1.8260257446672767,2.7168118089903146,9.550319677368723e-05,artifacts/benchmarks/mpi8/run_3D_hetero_seepage_SSR_comsol_capture/petsc
seepage_3d,Heterogeneous 3D Seepage SSR,comsol_transition,COMSOL transition,0,petsc,main,21,8.0,116.0,13.792015965562314,1.9319932202342898,3.3583605003077537,5.497929102249273e-05,artifacts/benchmarks/mpi8/run_3D_hetero_seepage_SSR_comsol_capture/petsc
seepage_3d,Heterogeneous 3D Seepage SSR,comsol_transition,COMSOL transition,0,petsc,main,22,10.0,141.0,16.65550229838118,2.1687674117274582,4.737442921148613,9.806783452607499e-05,artifacts/benchmarks/mpi8/run_3D_hetero_seepage_SSR_comsol_capture/petsc
seepage_3d,Heterogeneous 3D Seepage SSR,comsol_transition,COMSOL transition,0,petsc,main,23,9.0,108.0,12.960654498776421,2.1150192208588123,4.182600361993536,4.7117258319331186e-05,artifacts/benchmarks/mpi8/run_3D_hetero_seepage_SSR_comsol_capture/petsc
seepage_3d,Heterogeneous 3D Seepage SSR,comsol_transition,COMSOL transition,0,petsc,main,24,16.0,248.0,29.116339108208194,2.8387825307436287,9.496470725396648,9.148409785044745e-05,artifacts/benchmarks/mpi8/run_3D_hetero_seepage_SSR_comsol_capture/petsc
seepage_3d,Heterogeneous 3D Seepage SSR,comsol_transition,COMSOL transition,0,petsc,main,25,10.0,137.0,16.136294338619336,2.16765557625331,5.070002056891099,6.364760900077309e-05,artifacts/benchmarks/mpi8/run_3D_hetero_seepage_SSR_comsol_capture/petsc
seepage_3d,Heterogeneous 3D Seepage SSR,comsol_transition,COMSOL transition,0,petsc,main,26,17.0,269.0,32.638253960292786,3.0322080086916685,11.523548759287223,3.226325650659878e-05,artifacts/benchmarks/mpi8/run_3D_hetero_seepage_SSR_comsol_capture/petsc
seepage_3d,Heterogeneous 3D Seepage SSR,comsol_transition,COMSOL transition,0,petsc,main,27,14.0,201.0,23.983840494882315,2.6858668390195817,8.464161908254027,9.311230011837056e-05,artifacts/benchmarks/mpi8/run_3D_hetero_seepage_SSR_comsol_capture/petsc
seepage_3d,Heterogeneous 3D Seepage SSR,comsol_transition,COMSOL transition,0,petsc,main,28,17.0,296.0,35.354328302200884,2.9779741207603365,12.150857921689749,5.062117402492015e-05,artifacts/benchmarks/mpi8/run_3D_hetero_seepage_SSR_comsol_capture/petsc
seepage_3d,Heterogeneous 3D Seepage SSR,comsol_transition,COMSOL transition,0,petsc,main,29,18.0,292.0,35.45955929113552,3.128649631049484,13.733462847070768,6.233431227010465e-05,artifacts/benchmarks/mpi8/run_3D_hetero_seepage_SSR_comsol_capture/petsc
seepage_3d,Heterogeneous 3D Seepage SSR,comsol_transition,COMSOL transition,0,petsc,main,30,23.0,480.0,57.84943366376683,3.6948379767127335,18.710740855894983,9.144022482212024e-05,artifacts/benchmarks/mpi8/run_3D_hetero_seepage_SSR_comsol_capture/petsc
seepage_3d,Heterogeneous 3D Seepage SSR,comsol_transition,COMSOL transition,0,petsc,main,31,25.0,533.0,63.28406839258969,3.9367847475223243,21.909938571276143,8.178929800721127e-05,artifacts/benchmarks/mpi8/run_3D_hetero_seepage_SSR_comsol_capture/petsc
seepage_3d,Heterogeneous 3D Seepage SSR,comsol_transition,COMSOL transition,0,petsc,main,32,50.0,1017.0,120.23088647751138,7.015310161747038,52.84361108439043,0.00013081613727020013,artifacts/benchmarks/mpi8/run_3D_hetero_seepage_SSR_comsol_capture/petsc
seepage_3d,Heterogeneous 3D Seepage SSR,comsol_transition,COMSOL transition,0,petsc,main,33,50.0,1034.0,122.30436559254304,6.965118354186416,60.297215211438015,0.00011974503204925964,artifacts/benchmarks/mpi8/run_3D_hetero_seepage_SSR_comsol_capture/petsc
