quadrature_rule,point_id,x,y,z,lambda_origin,weight,weight_abs,weight_sign
1,1,0.25,0.25,0.25,0.25,0.16666666666666666,0.16666666666666666,positive
4,1,0.1381966011250105,0.1381966011250105,0.1381966011250105,0.5854101966249685,0.041666666666666664,0.041666666666666664,positive
4,2,0.5854101966249685,0.1381966011250105,0.1381966011250105,0.13819660112501042,0.041666666666666664,0.041666666666666664,positive
4,3,0.1381966011250105,0.5854101966249685,0.1381966011250105,0.13819660112501042,0.041666666666666664,0.041666666666666664,positive
4,4,0.1381966011250105,0.1381966011250105,0.5854101966249685,0.13819660112501042,0.041666666666666664,0.041666666666666664,positive
11,1,0.25,0.25,0.25,0.25,-0.013155555555555,0.013155555555555,negative
11,2,0.0714285714285714,0.0714285714285714,0.0714285714285714,0.7857142857142858,0.007622222222222,0.007622222222222,positive
11,3,0.785714285714286,0.0714285714285714,0.0714285714285714,0.07142857142857117,0.007622222222222,0.007622222222222,positive
11,4,0.0714285714285714,0.785714285714286,0.0714285714285714,0.07142857142857117,0.007622222222222,0.007622222222222,positive
11,5,0.0714285714285714,0.0714285714285714,0.785714285714286,0.07142857142857117,0.007622222222222,0.007622222222222,positive
11,6,0.399403576166799,0.100596423833201,0.100596423833201,0.399403576166799,0.024888888888888,0.024888888888888,positive
11,7,0.100596423833201,0.399403576166799,0.100596423833201,0.399403576166799,0.024888888888888,0.024888888888888,positive
11,8,0.100596423833201,0.100596423833201,0.399403576166799,0.399403576166799,0.024888888888888,0.024888888888888,positive
11,9,0.399403576166799,0.399403576166799,0.100596423833201,0.100596423833201,0.024888888888888,0.024888888888888,positive
11,10,0.399403576166799,0.100596423833201,0.399403576166799,0.100596423833201,0.024888888888888,0.024888888888888,positive
11,11,0.100596423833201,0.399403576166799,0.399403576166799,0.100596423833201,0.024888888888888,0.024888888888888,positive
24,1,0.3561913862225449,0.2146028712591517,0.2146028712591517,0.21460287125915167,0.0066537917096946494,0.0066537917096946494,positive
24,2,0.2146028712591517,0.2146028712591517,0.2146028712591517,0.35619138622254487,0.0066537917096946494,0.0066537917096946494,positive
24,3,0.2146028712591517,0.2146028712591517,0.3561913862225449,0.21460287125915167,0.0066537917096946494,0.0066537917096946494,positive
24,4,0.2146028712591517,0.3561913862225449,0.2146028712591517,0.21460287125915167,0.0066537917096946494,0.0066537917096946494,positive
24,5,0.877978124396166,0.0406739585346113,0.0406739585346113,0.04067395853461142,0.0016795351758867834,0.0016795351758867834,positive
24,6,0.0406739585346113,0.0406739585346113,0.0406739585346113,0.8779781243961661,0.0016795351758867834,0.0016795351758867834,positive
24,7,0.0406739585346113,0.0406739585346113,0.877978124396166,0.04067395853461142,0.0016795351758867834,0.0016795351758867834,positive
24,8,0.0406739585346113,0.877978124396166,0.0406739585346113,0.04067395853461142,0.0016795351758867834,0.0016795351758867834,positive
24,9,0.0329863295731731,0.3223378901422757,0.3223378901422757,0.32233789014227554,0.009226196923942399,0.009226196923942399,positive
24,10,0.3223378901422757,0.3223378901422757,0.3223378901422757,0.032986329573172934,0.009226196923942399,0.009226196923942399,positive
24,11,0.3223378901422757,0.3223378901422757,0.0329863295731731,0.32233789014227554,0.009226196923942399,0.009226196923942399,positive
24,12,0.3223378901422757,0.0329863295731731,0.3223378901422757,0.32233789014227554,0.009226196923942399,0.009226196923942399,positive
24,13,0.2696723314583159,0.0636610018750175,0.0636610018750175,0.6030056647916491,0.008035714285714283,0.008035714285714283,positive
24,14,0.0636610018750175,0.2696723314583159,0.0636610018750175,0.6030056647916491,0.008035714285714283,0.008035714285714283,positive
24,15,0.0636610018750175,0.0636610018750175,0.2696723314583159,0.6030056647916491,0.008035714285714283,0.008035714285714283,positive
24,16,0.6030056647916491,0.0636610018750175,0.0636610018750175,0.26967233145831604,0.008035714285714283,0.008035714285714283,positive
24,17,0.0636610018750175,0.6030056647916491,0.0636610018750175,0.26967233145831604,0.008035714285714283,0.008035714285714283,positive
24,18,0.0636610018750175,0.0636610018750175,0.6030056647916491,0.26967233145831593,0.008035714285714283,0.008035714285714283,positive
24,19,0.0636610018750175,0.2696723314583159,0.6030056647916491,0.06366100187501755,0.008035714285714283,0.008035714285714283,positive
24,20,0.2696723314583159,0.6030056647916491,0.0636610018750175,0.06366100187501766,0.008035714285714283,0.008035714285714283,positive
24,21,0.6030056647916491,0.0636610018750175,0.2696723314583159,0.06366100187501766,0.008035714285714283,0.008035714285714283,positive
24,22,0.0636610018750175,0.6030056647916491,0.2696723314583159,0.06366100187501766,0.008035714285714283,0.008035714285714283,positive
24,23,0.2696723314583159,0.0636610018750175,0.6030056647916491,0.06366100187501755,0.008035714285714283,0.008035714285714283,positive
24,24,0.6030056647916491,0.2696723314583159,0.0636610018750175,0.06366100187501766,0.008035714285714283,0.008035714285714283,positive
45,1,0.25,0.25,0.25,0.25,-0.03932700664129262,0.03932700664129262,negative
45,2,0.617587190300083,0.127470936566639,0.127470936566639,0.127470936566639,0.0040813160593427,0.0040813160593427,positive
45,3,0.127470936566639,0.127470936566639,0.127470936566639,0.617587190300083,0.0040813160593427,0.0040813160593427,positive
45,4,0.127470936566639,0.127470936566639,0.617587190300083,0.127470936566639,0.0040813160593427,0.0040813160593427,positive
45,5,0.127470936566639,0.617587190300083,0.127470936566639,0.127470936566639,0.0040813160593427,0.0040813160593427,positive
45,6,0.9037635088221031,0.0320788303926323,0.0320788303926323,0.032078830392632374,0.0006580867733043499,0.0006580867733043499,positive
45,7,0.0320788303926323,0.0320788303926323,0.0320788303926323,0.9037635088221031,0.0006580867733043499,0.0006580867733043499,positive
45,8,0.0320788303926323,0.0320788303926323,0.9037635088221031,0.03207883039263226,0.0006580867733043499,0.0006580867733043499,positive
45,9,0.0320788303926323,0.9037635088221031,0.0320788303926323,0.032078830392632374,0.0006580867733043499,0.0006580867733043499,positive
45,10,0.450222904356719,0.049777095643281,0.049777095643281,0.45022290435671897,0.00438425882512285,0.00438425882512285,positive
45,11,0.049777095643281,0.450222904356719,0.049777095643281,0.45022290435671897,0.00438425882512285,0.00438425882512285,positive
45,12,0.049777095643281,0.049777095643281,0.450222904356719,0.45022290435671897,0.00438425882512285,0.00438425882512285,positive
45,13,0.049777095643281,0.450222904356719,0.450222904356719,0.04977709564328103,0.00438425882512285,0.00438425882512285,positive
45,14,0.450222904356719,0.049777095643281,0.450222904356719,0.04977709564328103,0.00438425882512285,0.00438425882512285,positive
45,15,0.450222904356719,0.450222904356719,0.049777095643281,0.04977709564328092,0.00438425882512285,0.00438425882512285,positive
45,16,0.3162695526014501,0.1837304473985499,0.1837304473985499,0.31626955260145007,0.013830063842509817,0.013830063842509817,positive
45,17,0.1837304473985499,0.3162695526014501,0.1837304473985499,0.31626955260145007,0.013830063842509817,0.013830063842509817,positive
45,18,0.1837304473985499,0.1837304473985499,0.3162695526014501,0.31626955260145007,0.013830063842509817,0.013830063842509817,positive
45,19,0.1837304473985499,0.3162695526014501,0.3162695526014501,0.18373044739854993,0.013830063842509817,0.013830063842509817,positive
45,20,0.3162695526014501,0.1837304473985499,0.3162695526014501,0.18373044739854993,0.013830063842509817,0.013830063842509817,positive
45,21,0.3162695526014501,0.3162695526014501,0.1837304473985499,0.18373044739854982,0.013830063842509817,0.013830063842509817,positive
45,22,0.0229177878448171,0.2319010893971509,0.2319010893971509,0.5132800333608811,0.004240437424683717,0.004240437424683717,positive
45,23,0.2319010893971509,0.0229177878448171,0.2319010893971509,0.5132800333608811,0.004240437424683717,0.004240437424683717,positive
45,24,0.2319010893971509,0.2319010893971509,0.0229177878448171,0.5132800333608811,0.004240437424683717,0.004240437424683717,positive
45,25,0.5132800333608811,0.2319010893971509,0.2319010893971509,0.022917787844817017,0.004240437424683717,0.004240437424683717,positive
45,26,0.2319010893971509,0.5132800333608811,0.2319010893971509,0.022917787844817017,0.004240437424683717,0.004240437424683717,positive
45,27,0.2319010893971509,0.2319010893971509,0.5132800333608811,0.022917787844817017,0.004240437424683717,0.004240437424683717,positive
45,28,0.2319010893971509,0.0229177878448171,0.5132800333608811,0.23190108939715093,0.004240437424683717,0.004240437424683717,positive
45,29,0.0229177878448171,0.5132800333608811,0.2319010893971509,0.23190108939715082,0.004240437424683717,0.004240437424683717,positive
45,30,0.5132800333608811,0.2319010893971509,0.0229177878448171,0.23190108939715082,0.004240437424683717,0.004240437424683717,positive
45,31,0.2319010893971509,0.5132800333608811,0.0229177878448171,0.23190108939715082,0.004240437424683717,0.004240437424683717,positive
45,32,0.0229177878448171,0.2319010893971509,0.5132800333608811,0.23190108939715093,0.004240437424683717,0.004240437424683717,positive
45,33,0.5132800333608811,0.0229177878448171,0.2319010893971509,0.23190108939715082,0.004240437424683717,0.004240437424683717,positive
45,34,0.7303134278075384,0.0379700484718286,0.0379700484718286,0.1937464752488044,0.0022387397396142,0.0022387397396142,positive
45,35,0.0379700484718286,0.7303134278075384,0.0379700484718286,0.1937464752488044,0.0022387397396142,0.0022387397396142,positive
45,36,0.0379700484718286,0.0379700484718286,0.7303134278075384,0.1937464752488044,0.0022387397396142,0.0022387397396142,positive
45,37,0.1937464752488044,0.0379700484718286,0.0379700484718286,0.7303134278075384,0.0022387397396142,0.0022387397396142,positive
45,38,0.0379700484718286,0.1937464752488044,0.0379700484718286,0.7303134278075384,0.0022387397396142,0.0022387397396142,positive
45,39,0.0379700484718286,0.0379700484718286,0.1937464752488044,0.7303134278075384,0.0022387397396142,0.0022387397396142,positive
45,40,0.0379700484718286,0.7303134278075384,0.1937464752488044,0.03797004847182861,0.0022387397396142,0.0022387397396142,positive
45,41,0.7303134278075384,0.1937464752488044,0.0379700484718286,0.03797004847182861,0.0022387397396142,0.0022387397396142,positive
45,42,0.1937464752488044,0.0379700484718286,0.7303134278075384,0.03797004847182861,0.0022387397396142,0.0022387397396142,positive
45,43,0.0379700484718286,0.1937464752488044,0.7303134278075384,0.03797004847182861,0.0022387397396142,0.0022387397396142,positive
45,44,0.7303134278075384,0.0379700484718286,0.1937464752488044,0.03797004847182861,0.0022387397396142,0.0022387397396142,positive
45,45,0.1937464752488044,0.7303134278075384,0.0379700484718286,0.03797004847182861,0.0022387397396142,0.0022387397396142,positive
